{"cameraMode":{"drawMode":0,"name":"Shaded","section":"Shading Mode"},"sceneLighting":true,"audioPlay":false,"sceneViewState":{"showFog":true,"showMaterialUpdate":false,"showSkybox":true,"showFlares":true,"showImageEffects":true,"showParticleSystems":true},"in2DMode":false,"pivot":{"x":-2.9854736328125,"y":-6.021193504333496,"z":1.8998298645019532},"rotation":{"x":-0.08488484472036362,"y":-0.9044180512428284,"z":0.35946446657180788,"w":-0.2135704904794693},"size":81.17559051513672,"orthographic":false}