{"cameraMode":{"drawMode":0,"name":"Shaded","section":"Shading Mode"},"sceneLighting":false,"audioPlay":false,"sceneViewState":{"showFog":true,"showMaterialUpdate":false,"showSkybox":false,"showFlares":true,"showImageEffects":true,"showParticleSystems":true},"in2DMode":false,"pivot":{"x":3.2141990661621095,"y":1.4278650283813477,"z":-2.8620338439941408},"rotation":{"x":-0.08488484472036362,"y":-0.9044180512428284,"z":0.35946446657180788,"w":-0.2135704904794693},"size":70.88723754882813,"orthographic":false}